ID,Name,Sequence,Model/Tag,Output_PDB,lDDT,Time
0,dMKR_dif_cubic_3759_traj2_T0.2_0_1,AKYLPVSRLPEILAAFRAAGYTRILVATVEVDGKKKIVAIAHSHTDASGAPLAEADGYSSHLLVNKEVAEKLKAEGKPVIDEYTTPEIKALYDELREEYGFTRSPLPDWAAAEAALKEIAKEYGGEVKRL,model_4,dMKR_dif_cubic_3759_traj2_T0.2_0_1_model_4.0_r8_af2,81.223,25.9
1,dMKR_dif_cubic_3759_traj2_T0.2_0_2,ARLLPVSELPRIVAAFRAAGYTEILVATVRVDGEERIVAVAHVHRNADGQELPEADGYSAHLLVNQDVADRLRAAGRAVTDEHTTPEIKPLYDELAATYGFRRANLPSLEAARAALEEIAALYGGRVERL,model_4,dMKR_dif_cubic_3759_traj2_T0.2_0_2_model_4.0_r8_af2,90.171,26
2,dMKR_dif_cubic_3759_traj2_T0.2_0_3,AKYLPVSKLPEIIEAFKKAGYKRILVVTTKINGEEKIVAIAHSHTNEDGSEKKEKDGYSTHLIVNKEEYEELKAKGEKVIDEYTTPEIKELYDKLRKEYGFRIAALKTWEEAEEKLKEIAKKVGGEVKKL,model_4,dMKR_dif_cubic_3759_traj2_T0.2_0_3_model_4.0_r8_af2,85.89,26
3,dMKR_dif_cubic_3759_traj2_T0.2_0_4,AKFIPVSRLPEIVAAFKKAGYKRILVVEVEVDGEKKIVAIAHVHTNPDGSEKKEADGKSAHLLVDAETAEELEKEGRFVTNEVTTPEIAPLYQRLREEYGWRRAGLDTWEEAEALLKEIAKKYGGELRRL,model_4,dMKR_dif_cubic_3759_traj2_T0.2_0_4_model_4.0_r8_af2,91.229,25.8
4,dMKR_dif_cubic_3759_traj2_T0.2_0_5,AKLIPVSLLPEIVAALKAAGYRRILVATVRVDGEEKIVAVAHVHTNPDGAERPEADGYSAHALVAADVAERLRARGLPVTDESTTPEIQALYDRLRERYGWRRLPLPDWAAARALLEEIAALYGGRLEEL,model_4,dMKR_dif_cubic_3759_traj2_T0.2_0_5_model_4.0_r8_af2,67.316,26
5,dMKR_dif_cubic_3759_traj2_T0.2_0_6,SKFLPVSRLPEILAAFRRAGYTDILVVTVEVDGKEKIVAIAHVHRNADGSERPEADGTAAHLLVNKDVADKLLAEGRKVTDESTTPEIQWLYDRLKKEYGFRRLGLADLAAAEALLEEIAKEYGGKVERI,model_4,dMKR_dif_cubic_3759_traj2_T0.2_0_6_model_4.0_r8_af2,88.052,26
6,dMKR_dif_cubic_3759_traj2_T0.2_0_7,SKLLPVSLLPEIVEAFRKAGFRRILVVTTLVNGEPYIVAIAHVHADEDGSEAREEDGYSAHLLVNKETADELRAAGEFVSNKSTTPEIEPLLKELREKYGFEIAGLPDWAAAEAALRRIAERVGGTVERL,model_4,dMKR_dif_cubic_3759_traj2_T0.2_0_7_model_4.0_r8_af2,85.917,26.4
7,dMKR_dif_cubic_3759_traj2_T0.2_0_8,SKLLPTSRLPEIVEAFRKAGYTRILVVTVKVDGKEKIVAVAHEHTNPDGAPLPEADGYSAHLLVDKETAEKLKAEGRFVTNEVTTPEIAPLYEKLSKEYGFVRAGLPNWAAAEAALKEIAAEYGGELREL,model_4,dMKR_dif_cubic_3759_traj2_T0.2_0_8_model_4.0_r8_af2,88.55,26
8,dMKR_dif_cubic_3759_traj2_T0.2_0_9,ARLIPVSRLPEIVAAFRAAGYTRILVVTTLVNGEERIVAVAHVHRDAAGAERPEADGRSAHLLVDAETAAELEARGEFVTDEVTTPEIADLYKRLREEYGWRRAGLPDWAAARARLEEIARRVGGTLEEL,model_4,dMKR_dif_cubic_3759_traj2_T0.2_0_9_model_4.0_r8_af2,77.191,26
9,dMKR_dif_cubic_3759_traj2_T0.2_0_10,ARLLPVSELPAIVAAFRAAGARRILVVTVRVDGEEKIAAVAHAHTDEAGAPRAEEDGYSAHLLLNAEEAARARAAGRPVTDEVTTPEIAPLYRRLAETYGFTRLTLPDWAAAEAELAAIAARVGGELRRL,model_4,dMKR_dif_cubic_3759_traj2_T0.2_0_10_model_4.0_r8_af2,81.294,25.9
